i,bits,run1,run2,run3,run4,run5
1,2^1,6.0000000000060005e-06,2.9999999999891225e-06,2.000000000002e-06,3.0000000000030003e-06,3.0000000000030003e-06
2,2^2,4.000000000004e-06,4.000000000004e-06,4.000000000004e-06,4.000000000004e-06,4.000000000004e-06
3,2^3,6.0000000000060005e-06,4.999999999991123e-06,4.999999999991123e-06,6.0000000000060005e-06,7.000000000007001e-06
4,2^4,0.004509000000000013,0.0044450000000000045,0.004600999999999994,0.004464999999999997,0.004423999999999997
5,2^5,330.820587,328.67054199999995,326.080325,328.0766030000002,325.8933179999999
