algorithm,bits (2^),time,gcd
binary-rec,2,1.1000000000011001e-05,5
binary-rec,3,1.1000000000011001e-05,1
binary-rec,4,3.599999999999437e-05,1
binary-rec,5,7.699999999999374e-05,1
binary-rec,6,0.00010599999999999499,1
binary-rec,7,0.00021599999999999397,1
binary-rec,8,0.0004969999999999974,3
binary-rec,9,0.0009839999999999988,1
binary-rec,10,0.0019440000000000013,1
binary-rec,11,0.005476999999999996,1
binary-rec,12,0.013211,1
binary-rec,13,0.039982000000000004,3
